{"chunk_definitions":[{"chunk_id":"c5rzmsy31ml3j","chunk_label":"unnamed-chunk-1","document_id":"E8074742","expansion_state":0,"options":{"engine":"r","label":"unnamed-chunk-1"},"row":13,"row_count":1,"visible":true},{"chunk_id":"c6y1cfiu0jst9","chunk_label":"unnamed-chunk-2","document_id":"E8074742","expansion_state":0,"options":{"engine":"r","label":"unnamed-chunk-2"},"row":19,"row_count":1,"visible":true},{"chunk_id":"c5v4ztgp32xxf","chunk_label":"unnamed-chunk-4","document_id":"E8074742","expansion_state":0,"options":{"engine":"r","eval":false,"label":"unnamed-chunk-1"},"row":34,"row_count":1,"visible":true},{"chunk_id":"cwyy0nmert9jb","chunk_label":"unnamed-chunk-7","document_id":"E8074742","expansion_state":0,"options":{"engine":"r","label":"unnamed-chunk-2"},"row":62,"row_count":1,"visible":true},{"chunk_id":"cpto4gqf0q9pf","chunk_label":"unnamed-chunk-8","document_id":"E8074742","expansion_state":0,"options":{"engine":"r","label":"unnamed-chunk-1"},"row":70,"row_count":1,"visible":true},{"chunk_id":"ccb11j9zawbne","chunk_label":"unnamed-chunk-10","document_id":"E8074742","expansion_state":0,"options":{"engine":"r","label":"unnamed-chunk-1"},"row":87,"row_count":1,"visible":true},{"chunk_id":"cp65p1mo7cyfv","chunk_label":"unnamed-chunk-15","document_id":"E8074742","expansion_state":0,"options":{"engine":"r","label":"unnamed-chunk-1"},"row":147,"row_count":1,"visible":true},{"chunk_id":"ceg2zeifundm8","chunk_label":"unnamed-chunk-16","document_id":"E8074742","expansion_state":0,"options":{"engine":"r","label":"unnamed-chunk-1"},"row":153,"row_count":1,"visible":true},{"chunk_id":"cmughcpausr9w","chunk_label":"unnamed-chunk-17","document_id":"E8074742","expansion_state":0,"options":{"engine":"r","eval":false,"label":"unnamed-chunk-1"},"row":162,"row_count":1,"visible":true},{"chunk_id":"c4knv6wgquv66","chunk_label":"unnamed-chunk-18","document_id":"E8074742","expansion_state":0,"options":{"engine":"r","label":"unnamed-chunk-1"},"row":168,"row_count":1,"visible":true},{"chunk_id":"clwibod8uskq6","chunk_label":"unnamed-chunk-19","document_id":"E8074742","expansion_state":0,"options":{"engine":"r","label":"unnamed-chunk-1"},"row":176,"row_count":1,"visible":true}],"doc_write_time":1563701560}